{
    "APCA_invalidator": {
        "patch1-Math-2-GenProg-plausible": {
            "id": "patch1-Math-2-GenProg-plausible",
            "ground_truth": "Incorrect",
            "patch": "--- /src/main/java/org/apache/commons/math3/distribution/AbstractIntegerDistribution.java\n+++ /src/main/java/org/apache/commons/math3/distribution/AbstractIntegerDistribution.java\n@@ -135,7 +135,6 @@\n             k = 1.0 / k;\n             tmp = mu + k * sigma;\n             if (tmp < upper) {\n-                upper = ((int) Math.ceil(tmp)) - 1;\n             }\n         }\n\n\n--- /src/main/java/org/apache/commons/math3/ml/clustering/FuzzyKMeansClusterer.java\n+++ /src/main/java/org/apache/commons/math3/ml/clustering/FuzzyKMeansClusterer.java\n@@ -154,7 +154,8 @@\n \n         this.membershipMatrix = null;\n         this.points = null;\n-        this.clusters = null;\n+        boolean emptyCluster = false;\n+        this.clusters = null;\n     }\n \n     /**\n\n"
        },
        "patch1-Math-40-kPAR-plausible": {
            "id": "patch1-Math-40-kPAR-plausible",
            "ground_truth": "Incorrect",
            "patch": "--- /src/main/java/org/apache/commons/math/analysis/solvers/BracketingNthOrderBrentSolver.java\n+++ /src/main/java/org/apache/commons/math/analysis/solvers/BracketingNthOrderBrentSolver.java\n@@ -257,7 +257,7 @@\n                     // the guessed root is either not strictly inside the interval or it\n                     // is a NaN (which occurs when some sampling points share the same y)\n                     // we try again with a lower interpolation order\n-                    if (signChangeIndex - start >= end - signChangeIndex) {\n+                    if ((signChangeIndex - start >= end - signChangeIndex) || (y[0] * y[1] < 0)) {\n                         // we have more points before the sign change, drop the lowest point\n                         ++start;\n                     } else {\n\n"
        },
        "patch7-Math-85-SequenceR": {
            "id": "patch7-Math-85-SequenceR",
            "ground_truth": "Incorrect",
            "patch": "--- /src/java/org/apache/commons/math/analysis/solvers/UnivariateRealSolverUtils.java\t\n+++ /src/java/org/apache/commons/math/analysis/solvers/UnivariateRealSolverUtils.java\n@@ -195,7 +195,7 @@\n         } while ((fa * fb > 0.0) && (numIterations < maximumIterations) && \n                 ((a > lowerBound) || (b < upperBound)));\n    \n-        if (fa * fb >= 0.0 ) {\n+        if((fa!=fb)&&((fa*fb)> 0.0)){\n             throw new ConvergenceException(\n                       \"number of iterations={0}, maximum iterations={1}, \" +\n                       \"initial={2}, lower bound={3}, upper bound={4}, final a value={5}, \" +\n"
        },
        "defects4j-developer-Math-patches-50": {
            "id": "defects4j-developer-Math-patches-50",
            "ground_truth": "Correct",
            "patch": "diff --git a/src/main/java/org/apache/commons/math/analysis/solvers/BaseSecantSolver.java b/src/main/java/org/apache/commons/math/analysis/solvers/BaseSecantSolver.java\nindex c781a90..e47d982 100644\n--- a/src/main/java/org/apache/commons/math/analysis/solvers/BaseSecantSolver.java\n+++ b/src/main/java/org/apache/commons/math/analysis/solvers/BaseSecantSolver.java\n@@ -184,6 +184,10 @@ public abstract class BaseSecantSolver\n                     break;\n                 case REGULA_FALSI:\n                     // Nothing.\n+                    if (x == x1) {\n+                        x0 = 0.5 * (x0 + x1 - FastMath.max(rtol * FastMath.abs(x1), atol));\n+                        f0 = computeObjectiveValue(x0);\n+                    }\n                     break;\n                 default:\n                     // Should never happen.\n"
        },
        "patch1-Lang-44-kPAR-plausible": {
            "id": "patch1-Lang-44-kPAR-plausible",
            "ground_truth": "Incorrect",
            "patch": "--- /src/java/org/apache/commons/lang/NumberUtils.java\n+++ /src/java/org/apache/commons/lang/NumberUtils.java\n@@ -191,8 +191,7 @@\n                 case 'l' :\n                 case 'L' :\n                     if (dec == null\n-                        && exp == null\n-                        && (numeric.charAt(0) == '-' && isDigits(numeric.substring(1)) || isDigits(numeric))) {\n+                        && exp == null || (numeric.charAt(0) == '-' && isDigits(numeric.substring(1)) || isDigits(numeric))) {\n                         try {\n                             return createLong(numeric);\n                         } catch (NumberFormatException nfe) {\n\n"
        },
        "patch1-Lang-59-AVATAR-plausible": {
            "id": "patch1-Lang-59-AVATAR-plausible",
            "ground_truth": "Incorrect",
            "patch": "--- /src/java/org/apache/commons/lang/text/StrBuilder.java\n+++ /src/java/org/apache/commons/lang/text/StrBuilder.java\n@@ -877,7 +877,7 @@\n      */\n     public StrBuilder appendFixedWidthPadRight(Object obj, int width, char padChar) {\n         if (width > 0) {\n-            ensureCapacity(size + width);\n+            ensureCapacity(padChar + width);\n             String str = (obj == null ? getNullText() : obj.toString());\n             int strLen = str.length();\n             if (strLen >= width) {\n\n"
        },
        "patch1-Math-81-jGenProg-plausible": {
            "id": "patch1-Math-81-jGenProg-plausible",
            "ground_truth": "Incorrect",
            "patch": "--- /src/main/java/org/apache/commons/math/linear/EigenDecompositionImpl.java\n+++ /src/main/java/org/apache/commons/math/linear/EigenDecompositionImpl.java\n@@ -1540,25 +1540,7 @@\n                 double a2 = (work[np - 8] / b2) * (1 + work[np - 4] / b1);\n \n                 // approximate contribution to norm squared from i < nn-2.\n-                if (end - start > 2) {\n-                    b2 = work[nn - 13] / work[nn - 15];\n-                    a2 = a2 + b2;\n-                    for (int i4 = nn - 17; i4 >= 4 * start + 2 + pingPong; i4 -= 4) {\n-                        if (b2 == 0.0) {\n-                            break;\n-                        }\n-                        b1 = b2;\n-                        if (work[i4]  >  work[i4 - 2]) {\n-                            return;\n-                        }\n-                        b2 = b2 * (work[i4] / work[i4 - 2]);\n-                        a2 = a2 + b2;\n-                        if (100 * Math.max(b2, b1) < a2 || cnst1 < a2)  {\n-                            break;\n-                        }\n-                    }\n-                    a2 = cnst3 * a2;\n-                }\n+                \n \n                 if (a2 < cnst1) {\n                     tau = gam * (1 - Math.sqrt(a2)) / (1 + a2);\n\n"
        },
        "patch7-Math-63-CapGen-plausible": {
            "id": "patch7-Math-63-CapGen-plausible",
            "ground_truth": "Incorrect",
            "patch": "--- /src/main/java/org/apache/commons/math/util/MathUtils.java\n+++ /src/main/java/org/apache/commons/math/util/MathUtils.java\n@@ -414,7 +414,7 @@ public final class MathUtils {\n      * @return {@code true} if the values are equal.\n      */\n     public static boolean equals(double x, double y) {\n-        return (Double.isNaN(x) && Double.isNaN(y)) || x == y;\n+        return (Double.isNaN(x) && Double.isNaN(x == 0.0 ? 0.0 : x > 0.0 ? 1.0 : -1.0)) || x == y;\n     }\n \n     /**\n"
        },
        "patch1-Chart-25-jGenProg-plausible": {
            "id": "patch1-Chart-25-jGenProg-plausible",
            "ground_truth": "Incorrect",
            "patch": "--- /source/org/jfree/chart/renderer/category/StatisticalBarRenderer.java\n+++ /source/org/jfree/chart/renderer/category/StatisticalBarRenderer.java\n@@ -204,14 +204,14 @@\n         StatisticalCategoryDataset statData = (StatisticalCategoryDataset) data;\n \n         PlotOrientation orientation = plot.getOrientation();\n-        if (orientation == PlotOrientation.HORIZONTAL) {\n-            drawHorizontalItem(g2, state, dataArea, plot, domainAxis, \n-                    rangeAxis, statData, row, column);\n-        }\n-        else if (orientation == PlotOrientation.VERTICAL) {\n-            drawVerticalItem(g2, state, dataArea, plot, domainAxis, rangeAxis, \n-                    statData, row, column);\n-        }\n+\n+\n+\n+\n+\n+\n+\n+\n     }\n\n"
        },
        "defects4j-developer-Time-patches-18": {
            "id": "defects4j-developer-Time-patches-18",
            "ground_truth": "Correct",
            "patch": "diff --git a/src/main/java/org/joda/time/chrono/GJChronology.java b/src/main/java/org/joda/time/chrono/GJChronology.java\nindex 0a19aa6..29e559d 100644\n--- a/src/main/java/org/joda/time/chrono/GJChronology.java\n+++ b/src/main/java/org/joda/time/chrono/GJChronology.java\n@@ -361,21 +361,9 @@ public final class GJChronology extends AssembledChronology {\n \n         // Assume date is Gregorian.\n         long instant;\n-        try {\n             instant = iGregorianChronology.getDateTimeMillis\n                 (year, monthOfYear, dayOfMonth,\n                  hourOfDay, minuteOfHour, secondOfMinute, millisOfSecond);\n-        } catch (IllegalFieldValueException ex) {\n-            if (monthOfYear != 2 || dayOfMonth != 29) {\n-                throw ex;\n-            }\n-            instant = iGregorianChronology.getDateTimeMillis\n-                (year, monthOfYear, 28,\n-                 hourOfDay, minuteOfHour, secondOfMinute, millisOfSecond);\n-            if (instant >= iCutoverMillis) {\n-                throw ex;\n-            }\n-        }\n         if (instant < iCutoverMillis) {\n             // Maybe it's Julian.\n             instant = iJulianChronology.getDateTimeMillis\n"
        },
        "defects4j-developer-Chart-patches-16": {
            "id": "defects4j-developer-Chart-patches-16",
            "ground_truth": "Correct",
            "patch": "diff --git a/source/org/jfree/data/category/DefaultIntervalCategoryDataset.java b/source/org/jfree/data/category/DefaultIntervalCategoryDataset.java\nindex bde3922..2efdfcb 100644\n--- a/source/org/jfree/data/category/DefaultIntervalCategoryDataset.java\n+++ b/source/org/jfree/data/category/DefaultIntervalCategoryDataset.java\n@@ -204,8 +204,8 @@ public class DefaultIntervalCategoryDataset extends AbstractSeriesDataset\n \n             }\n             else {\n-                this.seriesKeys = new Comparable[0];\n-                this.categoryKeys = new Comparable[0];\n+                this.seriesKeys = null;\n+                this.categoryKeys = null;\n             }\n         }\n \n@@ -335,7 +335,7 @@ public class DefaultIntervalCategoryDataset extends AbstractSeriesDataset\n         if (categoryKeys == null) {\n             throw new IllegalArgumentException(\"Null 'categoryKeys' argument.\");\n         }\n-        if (categoryKeys.length != getCategoryCount()) {\n+        if (categoryKeys.length != this.startData[0].length) {\n             throw new IllegalArgumentException(\n                     \"The number of categories does not match the data.\");\n         }\n"
        },
        "patch1-Chart-25-Nopol-plausible": {
            "id": "patch1-Chart-25-Nopol-plausible",
            "ground_truth": "Incorrect",
            "patch": "--- /source/org/jfree/chart/renderer/category/StatisticalBarRenderer.java\n+++ /source/org/jfree/chart/renderer/category/StatisticalBarRenderer.java\n@@ -206,10 +206,12 @@\n         PlotOrientation orientation = plot.getOrientation();\n-        if (orientation == PlotOrientation.HORIZONTAL) {\n-            drawHorizontalItem(g2, state, dataArea, plot, domainAxis, \n-                    rangeAxis, statData, row, column);\n+        if (3 == 0) {\n+            if (orientation == PlotOrientation.HORIZONTAL) {\n+                drawHorizontalItem(g2, state, dataArea, plot, domainAxis,\n+                rangeAxis, statData, row, column);\n+            }\n+            else if (orientation == PlotOrientation.VERTICAL) {\n+                drawVerticalItem(g2, state, dataArea, plot, domainAxis, rangeAxis,\n+                statData, row, column);\n+            }\n         }\n-        else if (orientation == PlotOrientation.VERTICAL) {\n-            drawVerticalItem(g2, state, dataArea, plot, domainAxis, rangeAxis, \n-                    statData, row, column);\n-        }\n     }\n\n"
        },
        "defects4j-developer-Chart-patches-24": {
            "id": "defects4j-developer-Chart-patches-24",
            "ground_truth": "Correct",
            "patch": "diff --git a/source/org/jfree/chart/renderer/GrayPaintScale.java b/source/org/jfree/chart/renderer/GrayPaintScale.java\nindex e62c43f..1e1e075 100644\n--- a/source/org/jfree/chart/renderer/GrayPaintScale.java\n+++ b/source/org/jfree/chart/renderer/GrayPaintScale.java\n@@ -123,7 +123,7 @@ public class GrayPaintScale\n     public Paint getPaint(double value) {\n         double v = Math.max(value, this.lowerBound);\n         v = Math.min(v, this.upperBound);\n-        int g = (int) ((v - this.lowerBound) / (this.upperBound \n+        int g = (int) ((value - this.lowerBound) / (this.upperBound \n                 - this.lowerBound) * 255.0);\n         return new Color(g, g, g);\n     }\n"
        },
        "defects4j-developer-Math-patches-79": {
            "id": "defects4j-developer-Math-patches-79",
            "ground_truth": "Correct",
            "patch": "diff --git a/src/main/java/org/apache/commons/math/util/MathUtils.java b/src/main/java/org/apache/commons/math/util/MathUtils.java\nindex ad77a56..46368dc 100644\n--- a/src/main/java/org/apache/commons/math/util/MathUtils.java\n+++ b/src/main/java/org/apache/commons/math/util/MathUtils.java\n@@ -1621,9 +1621,9 @@ public final class MathUtils {\n      * @return the L<sub>2</sub> distance between the two points\n      */\n     public static double distance(int[] p1, int[] p2) {\n-      double sum = 0;\n+      int sum = 0;\n       for (int i = 0; i < p1.length; i++) {\n-          final double dp = p1[i] - p2[i];\n+          final int dp = p1[i] - p2[i];\n           sum += dp * dp;\n       }\n       return Math.sqrt(sum);\n"
        },
        "defects4j-developer-Chart-patches-1": {
            "id": "defects4j-developer-Chart-patches-1",
            "ground_truth": "Correct",
            "patch": "Index: source/org/jfree/chart/renderer/category/AbstractCategoryItemRenderer.java\n===================================================================\n--- source/org/jfree/chart/renderer/category/AbstractCategoryItemRenderer.java\t(revision 2266)\n+++ source/org/jfree/chart/renderer/category/AbstractCategoryItemRenderer.java\t(revision 2264)\n@@ -1794,7 +1794,7 @@\n         }\n         int index = this.plot.getIndexOf(this);\n         CategoryDataset dataset = this.plot.getDataset(index);\n-        if (dataset == null) {\n+        if (dataset != null) {\n             return result;\n         }\n         int seriesCount = dataset.getRowCount();\n"
        },
        "patch1-Math-80-RSRepair-plausible": {
            "id": "patch1-Math-80-RSRepair-plausible",
            "ground_truth": "Incorrect",
            "patch": "--- /src/main/java/org/apache/commons/math/linear/EigenDecompositionImpl.java\n+++ /src/main/java/org/apache/commons/math/linear/EigenDecompositionImpl.java\n@@ -1133,14 +1133,7 @@\n         if (1.5 * work[pingPong] < work[4 * (n - 1) + pingPong]) {\n             // flip array\n             int j = 4 * n - 1;\n-            for (int i = 0; i < j; i += 4) {\n-                for (int k = 0; k < 4; k += step) {\n-                    final double tmp = work[i + k];\n-                    work[i + k] = work[j - k];\n-                    work[j - k] = tmp;\n-                }\n-                j -= 4;\n-            }\n+            int mBlockIndex = 0;\n             return true;\n         }\n         return false;\n\n"
        },
        "patch1-Math-85-Cardumen-plausible": {
            "id": "patch1-Math-85-Cardumen-plausible",
            "ground_truth": "Incorrect",
            "patch": "--- /src/java/org/apache/commons/math/distribution/NormalDistributionImpl.java\n+++ /src/java/org/apache/commons/math/distribution/NormalDistributionImpl.java\n@@ -178,7 +178,7 @@\n         if (p < 0.5) {\n             ret = -(Double.MAX_VALUE);\n         }else {\n-            ret = getMean();\n+            ret = ((standardDeviation) - (standardDeviation)) / ((mean) * (java.lang.Math.sqrt(2.0)));\n         }\n \n         return ret;\n\n"
        },
        "patch10-Math-80-CapGen-plausible": {
            "id": "patch10-Math-80-CapGen-plausible",
            "ground_truth": "Incorrect",
            "patch": "--- /src/main/java/org/apache/commons/math/linear/EigenDecompositionImpl.java\n+++ /src/main/java/org/apache/commons/math/linear/EigenDecompositionImpl.java\n@@ -1136,7 +1136,7 @@ public class EigenDecompositionImpl implements EigenDecomposition {\n             for (int i = 0; i < j; i += 4) {\n                 for (int k = 0; k < 4; k += step) {\n                     final double tmp = work[i + k];\n-                    work[i + k] = work[j - k];\n+                    work[i + 3] = work[j - k];\n                     work[j - k] = tmp;\n                 }\n                 j -= 4;\n"
        },
        "patch2-Math-82-SketchFix-plausible": {
            "id": "patch2-Math-82-SketchFix-plausible",
            "ground_truth": "Incorrect",
            "patch": "--- /src/main/java/org/apache/commons/math/optimization/linear/SimplexSolver.java\t\n+++ /src/main/java/org/apache/commons/math/optimization/linear/SimplexSolver.java\t\n@@ -81,7 +81,7 @@\n             final double entry = tableau.getEntry(i, col);\n             if (MathUtils.compareTo(entry, 0, epsilon) >= 0) {\n                 final double ratio = rhs / entry;\n-                if (ratio < minRatio) {\n+                if (ratio < minRatio&&ratio>=0) {\n                     minRatio = ratio;\n                     minRatioPos = i; \n                 }\n"
        },
        "patch2-Chart-1-SketchFix-plausible": {
            "id": "patch2-Chart-1-SketchFix-plausible",
            "ground_truth": "Incorrect",
            "patch": "--- /source/org/jfree/chart/renderer/category/AbstractCategoryItemRenderer.java\t\n+++ /source/org/jfree/chart/renderer/category/AbstractCategoryItemRenderer.java\n@@ -1795,8 +1795,10 @@\n         int index = this.plot.getIndexOf(this);\n         CategoryDataset dataset = this.plot.getDataset(index);\n         if (dataset != null) {\n+        \tif(false) {\n             return result;\n         }\n+        }\n         int seriesCount = dataset.getRowCount();\n         if (plot.getRowRenderingOrder().equals(SortOrder.ASCENDING)) {\n             for (int i = 0; i < seriesCount; i++) {\n"
        },
        "defects4j-developer-Lang-patches-14": {
            "id": "defects4j-developer-Lang-patches-14",
            "ground_truth": "Correct",
            "patch": "diff --git a/src/main/java/org/apache/commons/lang3/StringUtils.java b/src/main/java/org/apache/commons/lang3/StringUtils.java\nindex 4733b7e..535a3f2 100644\n--- a/src/main/java/org/apache/commons/lang3/StringUtils.java\n+++ b/src/main/java/org/apache/commons/lang3/StringUtils.java\n@@ -785,10 +785,7 @@ public class StringUtils {\n         if (cs1 == null || cs2 == null) {\n             return false;\n         }\n-        if (cs1 instanceof String && cs2 instanceof String) {\n             return cs1.equals(cs2);\n-        }\n-        return CharSequenceUtils.regionMatches(cs1, false, 0, cs2, 0, Math.max(cs1.length(), cs2.length()));\n     }\n \n     /**\n"
        },
        "patch1-Chart-25-Arja-plusible": {
            "id": "patch1-Chart-25-Arja-plusible",
            "ground_truth": "Incorrect",
            "patch": "--- /source/org/jfree/chart/renderer/category/StatisticalBarRenderer.java\n+++ /source/org/jfree/chart/renderer/category/StatisticalBarRenderer.java\n@@ -237,7 +237,12 @@\n                                       int row,\n                                       int column) {\n                                      \n-        RectangleEdge xAxisLocation = plot.getDomainAxisEdge();\n+        if (this.errorIndicatorPaint != null) {\n+                                                g2.setPaint(this.errorIndicatorPaint);\n+                                        } else {\n+                                               g2.setPaint(getItemPaint(row, column));\n+                                        }\n+        RectangleEdge xAxisLocation = plot.getDomainAxisEdge();\n         \n         // BAR Y\n         double rectY = domainAxis.getCategoryStart(column, getColumnCount(), \n@@ -270,26 +275,26 @@\n             if (value <= lclip) {\n                 value = lclip;\n             }\n-        }\n-        else if (lclip <= 0.0) { // cases 5, 6, 7 and 8\n-            if (value >= uclip) {\n-                value = uclip;\n-            }\n-            else {\n-                if (value <= lclip) {\n-                    value = lclip;\n-                }\n-            }\n-        }\n-        else { // cases 9, 10, 11 and 12\n-            if (value <= lclip) {\n-                return; // bar is not visible\n-            }\n-            base = getLowerClip();\n-            if (value >= uclip) {\n-               value = uclip;\n-            }\n-        }\n+        } else {\n+            rectY = rectY + row * state.getBarWidth();\n+            if (lclip <= 0.0) {\n+                if (value >= uclip) {\n+                    value = uclip;\n+                } else {\n+                    if (value <= lclip) {\n+                        value = lclip;\n+                    }\n+                }\n+            } else {\n+                if (value <= lclip) {\n+                    return;\n+                }\n+                base = getLowerClip();\n+                if (value >= uclip) {\n+                    value = uclip;\n+                }\n+            }\n+        }\n \n         RectangleEdge yAxisLocation = plot.getRangeAxisEdge();\n         double transY1 = rangeAxis.valueToJava2D(base, dataArea, yAxisLocation);\n\n\n--- /source/org/jfree/data/statistics/DefaultStatisticalCategoryDataset.java\n+++ /source/org/jfree/data/statistics/DefaultStatisticalCategoryDataset.java\n@@ -108,7 +108,6 @@\n         MeanAndStandardDeviation masd \n             = (MeanAndStandardDeviation) this.data.getObject(row, column);\n         if (masd != null) {\n-            result = masd.getMean();\n         }\n         return result;\n     }\n@@ -169,9 +168,7 @@\n         Number result = null;\n         MeanAndStandardDeviation masd \n             = (MeanAndStandardDeviation) this.data.getObject(row, column);\n-        if (masd != null) {\n-            result = masd.getStandardDeviation();\n-        }\n+        result = masd.getStandardDeviation();\n         return result;\n     }\n\n"
        },
        "defects4j-developer-Math-patches-77": {
            "id": "defects4j-developer-Math-patches-77",
            "ground_truth": "Correct",
            "patch": "diff --git a/src/main/java/org/apache/commons/math/linear/ArrayRealVector.java b/src/main/java/org/apache/commons/math/linear/ArrayRealVector.java\nindex 22d0a28..37c4417 100644\n--- a/src/main/java/org/apache/commons/math/linear/ArrayRealVector.java\n+++ b/src/main/java/org/apache/commons/math/linear/ArrayRealVector.java\n@@ -718,7 +718,7 @@ public class ArrayRealVector extends AbstractRealVector implements Serializable\n     public double getLInfNorm() {\n         double max = 0;\n         for (double a : data) {\n-            max = Math.max(max, Math.abs(a));\n+            max += Math.max(max, Math.abs(a));\n         }\n         return max;\n     }\ndiff --git a/src/main/java/org/apache/commons/math/linear/OpenMapRealVector.java b/src/main/java/org/apache/commons/math/linear/OpenMapRealVector.java\nindex eb5be1b..e025960 100644\n--- a/src/main/java/org/apache/commons/math/linear/OpenMapRealVector.java\n+++ b/src/main/java/org/apache/commons/math/linear/OpenMapRealVector.java\n@@ -495,6 +495,15 @@ public class OpenMapRealVector extends AbstractRealVector implements SparseRealV\n         return max;\n     }\n \n+    public double getLInfNorm() {\n+        double max = 0;\n+        Iterator iter = entries.iterator();\n+        while (iter.hasNext()) {\n+            iter.advance();\n+            max += iter.value();\n+        }\n+        return max;\n+    }\n     /**\n      * Optimized method to compute LInfDistance.\n      * @param v The vector to compute from\n"
        },
        "defects4j-developer-Lang-patches-41": {
            "id": "defects4j-developer-Lang-patches-41",
            "ground_truth": "Correct",
            "patch": "diff --git a/src/java/org/apache/commons/lang/ClassUtils.java b/src/java/org/apache/commons/lang/ClassUtils.java\nindex 478b377..d5de42b 100644\n--- a/src/java/org/apache/commons/lang/ClassUtils.java\n+++ b/src/java/org/apache/commons/lang/ClassUtils.java\n@@ -188,23 +188,10 @@ public class ClassUtils {\n             return StringUtils.EMPTY;\n         }\n \n-        StringBuffer arrayPrefix = new StringBuffer();\n \n         // Handle array encoding\n-        if (className.startsWith(\"[\")) {\n-            while (className.charAt(0) == '[') {\n-                className = className.substring(1);\n-                arrayPrefix.append(\"[]\");\n-            }\n             // Strip Object type encoding\n-            if (className.charAt(0) == 'L' && className.charAt(className.length() - 1) == ';') {\n-                className = className.substring(1, className.length() - 1);\n-            }\n-        }\n \n-        if (reverseAbbreviationMap.containsKey(className)) {\n-            className = reverseAbbreviationMap.get(className);\n-        }\n \n         int lastDotIdx = className.lastIndexOf(PACKAGE_SEPARATOR_CHAR);\n         int innerIdx = className.indexOf(\n@@ -213,7 +200,7 @@ public class ClassUtils {\n         if (innerIdx != -1) {\n             out = out.replace(INNER_CLASS_SEPARATOR_CHAR, PACKAGE_SEPARATOR_CHAR);\n         }\n-        return out + arrayPrefix;\n+        return out;\n     }\n \n     // Package name\n@@ -255,18 +242,12 @@ public class ClassUtils {\n      * @return the package name or an empty string\n      */\n     public static String getPackageName(String className) {\n-        if (className == null || className.length() == 0) {\n+        if (className == null) {\n             return StringUtils.EMPTY;\n         }\n \n         // Strip array encoding\n-        while (className.charAt(0) == '[') {\n-            className = className.substring(1);\n-        }\n         // Strip Object type encoding\n-        if (className.charAt(0) == 'L' && className.charAt(className.length() - 1) == ';') {\n-            className = className.substring(1);\n-        }\n \n         int i = className.lastIndexOf(PACKAGE_SEPARATOR_CHAR);\n         if (i == -1) {\n"
        },
        "patch1-Math-90-ACS": {
            "id": "patch1-Math-90-ACS",
            "ground_truth": "Correct",
            "patch": "--- /src/java/org/apache/commons/math/stat/Frequency.java\n+++ /src/java/org/apache/commons/math/stat/Frequency.java\n@@ -130,7 +130,7 @@\n                 freqTable.put(obj, Long.valueOf(count.longValue() + 1));\n             }\n         } catch (ClassCastException ex) {   \n-            //TreeMap will throw ClassCastException if v is not comparable\n+if (!(v instanceof Comparable<?>)){throw new ClassCastException();}            //TreeMap will throw ClassCastException if v is not comparable\n             throw new IllegalArgumentException(\"Value not comparable to existing values.\");\n         }\n     }\n\n"
        },
        "patch1-Lang-58-kPAR-plausible": {
            "id": "patch1-Lang-58-kPAR-plausible",
            "ground_truth": "Incorrect",
            "patch": "--- /src/java/org/apache/commons/lang/math/NumberUtils.java\n+++ /src/java/org/apache/commons/lang/math/NumberUtils.java\n@@ -449,8 +449,7 @@\n             switch (lastChar) {\n                 case 'l' :\n                 case 'L' :\n-                    if (dec == null\n-                        && exp == null\n+                    if (dec == null || exp == null\n                         && isDigits(numeric.substring(1))\n                         && (numeric.charAt(0) == '-' || Character.isDigit(numeric.charAt(0)))) {\n                         try {\n\n"
        },
        "defects4j-developer-Math-patches-15": {
            "id": "defects4j-developer-Math-patches-15",
            "ground_truth": "Correct",
            "patch": "diff --git a/src/main/java/org/apache/commons/math3/util/FastMath.java b/src/main/java/org/apache/commons/math3/util/FastMath.java\nindex 9dc84c6..d571325 100644\n--- a/src/main/java/org/apache/commons/math3/util/FastMath.java\n+++ b/src/main/java/org/apache/commons/math3/util/FastMath.java\n@@ -310,7 +310,6 @@ public class FastMath {\n     /** 2^52 - double numbers this large must be integral (no fraction) or NaN or Infinite */\n     private static final double TWO_POWER_52 = 4503599627370496.0;\n     /** 2^53 - double numbers this large must be even. */\n-    private static final double TWO_POWER_53 = 2 * TWO_POWER_52;\n \n     /** Constant: {@value}. */\n     private static final double F_1_3 = 1d / 3d;\n@@ -1539,7 +1538,7 @@ public class FastMath {\n         /* Handle special case x<0 */\n         if (x < 0) {\n             // y is an even integer in this case\n-            if (y >= TWO_POWER_53 || y <= -TWO_POWER_53) {\n+            if (y >= TWO_POWER_52 || y <= -TWO_POWER_52) {\n                 return pow(-x, y);\n             }\n \n"
        },
        "defects4j-developer-Lang-patches-23": {
            "id": "defects4j-developer-Lang-patches-23",
            "ground_truth": "Correct",
            "patch": "diff --git a/src/main/java/org/apache/commons/lang3/text/ExtendedMessageFormat.java b/src/main/java/org/apache/commons/lang3/text/ExtendedMessageFormat.java\nindex 55ee7d1..a2cc169 100644\n--- a/src/main/java/org/apache/commons/lang3/text/ExtendedMessageFormat.java\n+++ b/src/main/java/org/apache/commons/lang3/text/ExtendedMessageFormat.java\n@@ -70,7 +70,6 @@ import org.apache.commons.lang3.Validate;\n  */\n public class ExtendedMessageFormat extends MessageFormat {\n     private static final long serialVersionUID = -2362048321261811743L;\n-    private static final int HASH_SEED = 31;\n \n     private static final String DUMMY_PATTERN = \"\";\n     private static final String ESCAPED_QUOTE = \"''\";\n@@ -261,42 +260,12 @@ public class ExtendedMessageFormat extends MessageFormat {\n      * @param obj the object to compare to\n      * @return true if this object equals the other, otherwise false\n      */\n-    @Override\n-    public boolean equals(Object obj) {\n-        if (obj == this) {\n-            return true;\n-        }\n-        if (obj == null) {\n-            return false;\n-        }\n-        if (!super.equals(obj)) {\n-            return false;\n-        }\n-        if (ObjectUtils.notEqual(getClass(), obj.getClass())) {\n-          return false;\n-        }\n-        ExtendedMessageFormat rhs = (ExtendedMessageFormat)obj;\n-        if (ObjectUtils.notEqual(toPattern, rhs.toPattern)) {\n-            return false;\n-        }\n-        if (ObjectUtils.notEqual(registry, rhs.registry)) {\n-            return false;\n-        }\n-        return true;\n-    }\n \n     /**\n      * Return the hashcode.\n      *\n      * @return the hashcode\n      */\n-    @Override\n-    public int hashCode() {\n-        int result = super.hashCode();\n-        result = HASH_SEED * result + ObjectUtils.hashCode(registry);\n-        result = HASH_SEED * result + ObjectUtils.hashCode(toPattern);\n-        return result;\n-    }\n \n     /**\n      * Get a custom format from a format description.\n"
        },
        "patch1-Math-82-DynaMoth-plausible": {
            "id": "patch1-Math-82-DynaMoth-plausible",
            "ground_truth": "Incorrect",
            "patch": "--- /src/main/java/org/apache/commons/math/optimization/linear/SimplexSolver.java\n+++ /src/main/java/org/apache/commons/math/optimization/linear/SimplexSolver.java\n@@ -62,3 +62,5 @@\n             if (MathUtils.compareTo(tableau.getEntry(0, i), minValue, epsilon) < 0) {\n-                minValue = tableau.getEntry(0, i);\n+                if (false) {\n+                    minValue = tableau.getEntry(0, i);\n+                }\n                 minPos = i;\n\n"
        },
        "patch1-Lang-59-kPAR-plausible": {
            "id": "patch1-Lang-59-kPAR-plausible",
            "ground_truth": "Incorrect",
            "patch": "--- /src/java/org/apache/commons/lang/text/StrBuilder.java\n+++ /src/java/org/apache/commons/lang/text/StrBuilder.java\n@@ -877,7 +877,7 @@\n      */\n     public StrBuilder appendFixedWidthPadRight(Object obj, int width, char padChar) {\n         if (width > 0) {\n-            ensureCapacity(size + width);\n+            ensureCapacity(padChar);\n             String str = (obj == null ? getNullText() : obj.toString());\n             int strLen = str.length();\n             if (strLen >= width) {\n\n"
        },
        "patch1-Math-57-AVATAR-plausible": {
            "id": "patch1-Math-57-AVATAR-plausible",
            "ground_truth": "Incorrect",
            "patch": "--- /src/main/java/org/apache/commons/math/stat/clustering/KMeansPlusPlusClusterer.java\n+++ /src/main/java/org/apache/commons/math/stat/clustering/KMeansPlusPlusClusterer.java\n@@ -96,7 +96,7 @@\n         assignPointsToClusters(clusters, points);\n \n         // iterate through updating the centers until we're done\n-        final int max = (maxIterations < 0) ? Integer.MAX_VALUE : maxIterations;\n+        final int max = (maxIterations <= 0) ? Integer.MAX_VALUE : maxIterations;\n         for (int count = 0; count < max; count++) {\n             boolean clusteringChanged = false;\n             List<Cluster<T>> newClusters = new ArrayList<Cluster<T>>();\n\n"
        },
        "patch1-Lang-59-CapGen-plausible": {
            "id": "patch1-Lang-59-CapGen-plausible",
            "ground_truth": "Incorrect",
            "patch": "--- /src/java/org/apache/commons/lang/text/StrBuilder.java\n+++ /src/java/org/apache/commons/lang/text/StrBuilder.java\n@@ -877,7 +877,7 @@ public class StrBuilder implements Cloneable {\n      */\n     public StrBuilder appendFixedWidthPadRight(Object obj, int width, char padChar) {\n         if (width > 0) {\n-            ensureCapacity(size + width);\n+            ensureCapacity((size) + 5);\n             String str = (obj == null ? getNullText() : obj.toString());\n             int strLen = str.length();\n             if (strLen >= width) {\n"
        },
        "patch1-Chart-13-GenProg-plausible": {
            "id": "patch1-Chart-13-GenProg-plausible",
            "ground_truth": "Incorrect",
            "patch": "--- /source/org/jfree/chart/block/BorderArrangement.java\n+++ /source/org/jfree/chart/block/BorderArrangement.java\n@@ -295,7 +295,8 @@\n         if (this.leftBlock != null) {\n             Size2D size = this.leftBlock.arrange(g2, c2);\n             w[2] = size.width;\n-            h[2] = size.height;\n+            this.topBlock = null;\n+            h[2] = size.height;\n         }\n         if (this.rightBlock != null) {\n             double maxW = Math.max(width - w[2], 0.0);\n@@ -433,14 +434,9 @@\n             h[0] = size.height;\n         }\n         w[1] = w[0];\n-        if (this.bottomBlock != null) {\n-            RectangleConstraint c2 = new RectangleConstraint(w[0], null,\n-                    LengthConstraintType.FIXED, 0.0, new Range(0.0,\n-                    constraint.getHeight() - h[0]), LengthConstraintType.RANGE);\n-            Size2D size = this.bottomBlock.arrange(g2, c2);\n-            h[1] = size.height;\n-        }\n-        h[2] = constraint.getHeight() - h[1] - h[0];\n+        Size2D s1 = arrangeNN(container, g2);\n+        this.rightBlock = null;\n+        h[2] = constraint.getHeight() - h[1] - h[0];\n         if (this.leftBlock != null) {\n             RectangleConstraint c3 = new RectangleConstraint(0.0,\n                     new Range(0.0, constraint.getWidth()),\n\n"
        },
        "patch9-Math-85-SequenceR": {
            "id": "patch9-Math-85-SequenceR",
            "ground_truth": "Incorrect",
            "patch": "--- /src/java/org/apache/commons/math/analysis/solvers/UnivariateRealSolverUtils.java\t\n+++ /src/java/org/apache/commons/math/analysis/solvers/UnivariateRealSolverUtils.java\n@@ -195,7 +195,7 @@\n         } while ((fa * fb > 0.0) && (numIterations < maximumIterations) && \n                 ((a > lowerBound) || (b < upperBound)));\n    \n-        if (fa * fb >= 0.0 ) {\n+        if((fa> 0.0)&&((fa*fb)> 0.0)){\n             throw new ConvergenceException(\n                       \"number of iterations={0}, maximum iterations={1}, \" +\n                       \"initial={2}, lower bound={3}, upper bound={4}, final a value={5}, \" +\n"
        },
        "patch1-Math-5-jGenProg": {
            "id": "patch1-Math-5-jGenProg",
            "ground_truth": "Correct",
            "patch": "--- /src/main/java/org/apache/commons/math3/complex/Complex.java\n+++ /src/main/java/org/apache/commons/math3/complex/Complex.java\n@@ -302,23 +302,6 @@\n         }\n \n         if (real == 0.0 && imaginary == 0.0) {\n-            return NaN;\n-        }\n-\n-        if (isInfinite) {\n-            return ZERO;\n-        }\n-\n-        if (FastMath.abs(real) < FastMath.abs(imaginary)) {\n-            double q = real / imaginary;\n-            double scale = 1. / (real * q + imaginary);\n-            return createComplex(scale * q, -scale);\n-        } else {\n-            double q = imaginary / real;\n-            double scale = 1. / (imaginary * q + real);\n-            return createComplex(scale, -scale * q);\n-        }\n-    }\n \n     /**\n      * Test for the equality of two Complex objects.\n@@ -335,21 +318,6 @@\n      * {@code null}, not an instance of Complex, or not equal to this Complex\n      * instance.\n      */\n-    @Override\n-    public boolean equals(Object other) {\n-        if (this == other) {\n-            return true;\n-        }\n-        if (other instanceof Complex){\n-            Complex c = (Complex)other;\n-            if (c.isNaN) {\n-                return isNaN;\n-            } else {\n-                return (real == c.real) && (imaginary == c.imaginary);\n-            }\n-        }\n-        return false;\n-    }\n \n     /**\n      * Get a hashCode for the complex number.\n@@ -358,32 +326,18 @@\n      *\n      * @return a hash code value for this object.\n      */\n-    @Override\n-    public int hashCode() {\n-        if (isNaN) {\n-            return 7;\n-        }\n-        return 37 * (17 * MathUtils.hash(imaginary) +\n-            MathUtils.hash(real));\n-    }\n \n     /**\n      * Access the imaginary part.\n      *\n      * @return the imaginary part.\n      */\n-    public double getImaginary() {\n-        return imaginary;\n-    }\n \n     /**\n      * Access the real part.\n      *\n      * @return the real part.\n      */\n-    public double getReal() {\n-        return real;\n-    }\n \n     /**\n      * Checks whether either or both parts of this complex number is\n@@ -392,9 +346,6 @@\n      * @return true if either or both parts of this complex number is\n      * {@code NaN}; false otherwise.\n      */\n-    public boolean isNaN() {\n-        return isNaN;\n-    }\n \n     /**\n      * Checks whether either the real or imaginary part of this complex number\n@@ -405,9 +356,6 @@\n      * @return true if one or both parts of this complex number are infinite\n      * and neither part is {@code NaN}.\n      */\n-    public boolean isInfinite() {\n-        return isInfinite;\n-    }\n \n     /**\n      * Returns a {@code Complex} whose value is {@code this * factor}.\n@@ -433,18 +381,8 @@\n      * @return {@code this * factor}.\n      * @throws NullArgumentException if {@code factor} is {@code null}.\n      */\n-    public Complex multiply(Complex factor)\n-        throws NullArgumentException {\n-        MathUtils.checkNotNull(factor);\n-        if (isNaN || factor.isNaN) {\n-            return NaN;\n-        }\n-        if (Double.isInfinite(real) ||\n-            Double.isInfinite(imaginary) ||\n-            Double.isInfinite(factor.real) ||\n-            Double.isInfinite(factor.imaginary)) {\n             // we don't use isInfinite() to avoid testing for NaN again\n-            return INF;\n+            return org.apache.commons.math3.complex.Complex.INF;}     if (isInfinite) {             return org.apache.commons.math3.complex.Complex.ZERO;}         if ((org.apache.commons.math3.util.FastMath.abs(real)) < (org.apache.commons.math3.util.FastMath.abs(imaginary))) {             double q = (real) / (imaginary);             double scale = 1.0 / (((real) * q) + (imaginary));             return createComplex((scale * q), (-scale));}else {             double q = (imaginary) / (real);     double scale = 1.0 / (((imaginary) * q) + (real));             return createComplex(scale, ((-scale) * q));}}     @java.lang.Override     public boolean equals(java.lang.Object other) {         if ((this) == other) {         return true;}         if (other instanceof org.apache.commons.math3.complex.Complex) {             org.apache.commons.math3.complex.Complex c = ((org.apache.commons.math3.complex.Complex) (other));             if (c.isNaN) {                 return isNaN;}else {                 return ((real) == (c.real)) && ((imaginary) == (c.imaginary));}}         return false;}     @java.lang.Override     public int hashCode() {         if (isNaN) {             return 7;}         return 37 * ((17 * (org.apache.commons.math3.util.MathUtils.hash(imaginary))) + (org.apache.commons.math3.util.MathUtils.hash(real)));}     public double getImaginary() {         return imaginary;}     public double getReal() {         return real;}     public boolean isNaN() {         return isNaN;}     public boolean isInfinite() {         return isInfinite;}     public org.apache.commons.math3.complex.Complex multiply(org.apache.commons.math3.complex.Complex factor) throws org.apache.commons.math3.exception.NullArgumentException {         org.apache.commons.math3.util.MathUtils.checkNotNull(factor);         if ((isNaN) || (factor.isNaN)) {             return org.apache.commons.math3.complex.Complex.NaN;}         if ((((java.lang.Double.isInfinite(real)) || (java.lang.Double.isInfinite(imaginary))) || (java.lang.Double.isInfinite(factor.real))) || (java.lang.Double.isInfinite(factor.imaginary))) {             return org.apache.commons.math3.complex.Complex.INF;\n         }\n         return createComplex(real * factor.real - imaginary * factor.imaginary,\n                              real * factor.imaginary + imaginary * factor.real);\n\n"
        },
        "defects4j-developer-Lang-patches-17": {
            "id": "defects4j-developer-Lang-patches-17",
            "ground_truth": "Correct",
            "patch": "diff --git a/src/main/java/org/apache/commons/lang3/text/translate/CharSequenceTranslator.java b/src/main/java/org/apache/commons/lang3/text/translate/CharSequenceTranslator.java\nindex 4d010ea..4cb581d 100644\n--- a/src/main/java/org/apache/commons/lang3/text/translate/CharSequenceTranslator.java\n+++ b/src/main/java/org/apache/commons/lang3/text/translate/CharSequenceTranslator.java\n@@ -80,20 +80,26 @@ public abstract class CharSequenceTranslator {\n             return;\n         }\n         int pos = 0;\n-        int len = input.length();\n+        int len = Character.codePointCount(input, 0, input.length());\n         while (pos < len) {\n             int consumed = translate(input, pos, out);\n             if (consumed == 0) {\n                 char[] c = Character.toChars(Character.codePointAt(input, pos));\n                 out.write(c);\n-                pos+= c.length;\n-                continue;\n             }\n+            else {\n //          // contract with translators is that they have to understand codepoints \n //          // and they just took care of a surrogate pair\n             for (int pt = 0; pt < consumed; pt++) {\n+                    if (pos < len - 2) {\n                 pos += Character.charCount(Character.codePointAt(input, pos));\n+                    } else {\n+                        pos++;\n+                    }\n+                }\n+                pos--;\n             }\n+            pos++;\n         }\n     }\n \n"
        },
        "defects4j-developer-Time-patches-3": {
            "id": "defects4j-developer-Time-patches-3",
            "ground_truth": "Correct",
            "patch": "diff --git a/src/main/java/org/joda/time/MutableDateTime.java b/src/main/java/org/joda/time/MutableDateTime.java\nindex 9aa8602..310f55d 100644\n--- a/src/main/java/org/joda/time/MutableDateTime.java\n+++ b/src/main/java/org/joda/time/MutableDateTime.java\n@@ -636,9 +636,7 @@ public class MutableDateTime\n         if (type == null) {\n             throw new IllegalArgumentException(\"Field must not be null\");\n         }\n-        if (amount != 0) {\n             setMillis(type.getField(getChronology()).add(getMillis(), amount));\n-        }\n     }\n \n     //-----------------------------------------------------------------------\n@@ -659,9 +657,7 @@ public class MutableDateTime\n      * @throws IllegalArgumentException if the value is invalid\n      */\n     public void addYears(final int years) {\n-        if (years != 0) {\n             setMillis(getChronology().years().add(getMillis(), years));\n-        }\n     }\n \n     //-----------------------------------------------------------------------\n@@ -682,9 +678,7 @@ public class MutableDateTime\n      * @throws IllegalArgumentException if the value is invalid\n      */\n     public void addWeekyears(final int weekyears) {\n-        if (weekyears != 0) {\n             setMillis(getChronology().weekyears().add(getMillis(), weekyears));\n-        }\n     }\n \n     //-----------------------------------------------------------------------\n@@ -705,9 +699,7 @@ public class MutableDateTime\n      * @throws IllegalArgumentException if the value is invalid\n      */\n     public void addMonths(final int months) {\n-        if (months != 0) {\n             setMillis(getChronology().months().add(getMillis(), months));\n-        }\n     }\n \n     //-----------------------------------------------------------------------\n@@ -728,9 +720,7 @@ public class MutableDateTime\n      * @throws IllegalArgumentException if the value is invalid\n      */\n     public void addWeeks(final int weeks) {\n-        if (weeks != 0) {\n             setMillis(getChronology().weeks().add(getMillis(), weeks));\n-        }\n     }\n \n     //-----------------------------------------------------------------------\n@@ -771,9 +761,7 @@ public class MutableDateTime\n      * @throws IllegalArgumentException if the value is invalid\n      */\n     public void addDays(final int days) {\n-        if (days != 0) {\n             setMillis(getChronology().days().add(getMillis(), days));\n-        }\n     }\n \n     //-----------------------------------------------------------------------\n@@ -794,9 +782,7 @@ public class MutableDateTime\n      * @throws IllegalArgumentException if the value is invalid\n      */\n     public void addHours(final int hours) {\n-        if (hours != 0) {\n             setMillis(getChronology().hours().add(getMillis(), hours));\n-        }\n     }\n     \n     //-----------------------------------------------------------------------\n@@ -827,9 +813,7 @@ public class MutableDateTime\n      * @throws IllegalArgumentException if the value is invalid\n      */\n     public void addMinutes(final int minutes) {\n-        if (minutes != 0) {\n             setMillis(getChronology().minutes().add(getMillis(), minutes));\n-        }\n     }\n \n     //-----------------------------------------------------------------------\n@@ -860,9 +844,7 @@ public class MutableDateTime\n      * @throws IllegalArgumentException if the value is invalid\n      */\n     public void addSeconds(final int seconds) {\n-        if (seconds != 0) {\n             setMillis(getChronology().seconds().add(getMillis(), seconds));\n-        }\n     }\n \n     //-----------------------------------------------------------------------\n@@ -895,9 +877,7 @@ public class MutableDateTime\n      * @throws IllegalArgumentException if the value is invalid\n      */\n     public void addMillis(final int millis) {\n-        if (millis != 0) {\n             setMillis(getChronology().millis().add(getMillis(), millis));\n-        }\n     }\n \n     //-----------------------------------------------------------------------\n"
        },
        "patch1-Chart-26-SOFix": {
            "id": "patch1-Chart-26-SOFix",
            "ground_truth": "Correct",
            "patch": "--- /source/org/jfree/chart/axis/Axis.java\n+++ /source/org/jfree/chart/axis/Axis.java\n@@ -1189,12 +1189,14 @@ \n         }\n         if (plotState != null && hotspot != null) {\n             ChartRenderingInfo owner = plotState.getOwner();\n+            if (owner != null) {\n                 EntityCollection entities = owner.getEntityCollection();\n                 if (entities != null) {\n                     entities.add(new AxisLabelEntity(this, hotspot, \n                             this.labelToolTip, this.labelURL));\n                 }\n+            }\n         }\n         return state;\n "
        },
        "patch8-Math-63-CapGen-plausible": {
            "id": "patch8-Math-63-CapGen-plausible",
            "ground_truth": "Incorrect",
            "patch": "--- /src/main/java/org/apache/commons/math/util/MathUtils.java\n+++ /src/main/java/org/apache/commons/math/util/MathUtils.java\n@@ -414,7 +414,7 @@ public final class MathUtils {\n      * @return {@code true} if the values are equal.\n      */\n     public static boolean equals(double x, double y) {\n-        return (Double.isNaN(x) && Double.isNaN(y)) || x == y;\n+        return (Double.isNaN(org.apache.commons.math.util.MathUtils.TWO_PI) && Double.isNaN(y)) || x == y;\n     }\n \n     /**\n"
        },
        "defects4j-developer-Math-patches-57": {
            "id": "defects4j-developer-Math-patches-57",
            "ground_truth": "Correct",
            "patch": "diff --git a/src/main/java/org/apache/commons/math/stat/clustering/KMeansPlusPlusClusterer.java b/src/main/java/org/apache/commons/math/stat/clustering/KMeansPlusPlusClusterer.java\nindex e09bbc3..b73ac9d 100644\n--- a/src/main/java/org/apache/commons/math/stat/clustering/KMeansPlusPlusClusterer.java\n+++ b/src/main/java/org/apache/commons/math/stat/clustering/KMeansPlusPlusClusterer.java\n@@ -172,7 +172,7 @@ public class KMeansPlusPlusClusterer<T extends Clusterable<T>> {\n         while (resultSet.size() < k) {\n             // For each data point x, compute D(x), the distance between x and\n             // the nearest center that has already been chosen.\n-            double sum = 0;\n+            int sum = 0;\n             for (int i = 0; i < pointSet.size(); i++) {\n                 final T p = pointSet.get(i);\n                 final Cluster<T> nearest = getNearestCluster(resultSet, p);\n"
        },
        "patch1-Math-33-Nopol-plausible": {
            "id": "patch1-Math-33-Nopol-plausible",
            "ground_truth": "Incorrect",
            "patch": "--- /src/main/java/org/apache/commons/math3/optimization/linear/SimplexTableau.java\n+++ /src/main/java/org/apache/commons/math3/optimization/linear/SimplexTableau.java\n@@ -338,3 +338,5 @@\n             if (Precision.compareTo(entry, 0d, maxUlps) > 0) {\n-                columnsToDrop.add(i);\n+                if ((2) != (org.apache.commons.math3.optimization.linear.SimplexTableau.this.numArtificialVariables)) {\n+                    columnsToDrop.add(i);\n+                }\n             }\n\n"
        },
        "patch1-Math-69-Nopol-plausible": {
            "id": "patch1-Math-69-Nopol-plausible",
            "ground_truth": "Incorrect",
            "patch": "--- /src/main/java/org/apache/commons/math/stat/correlation/PearsonsCorrelation.java\n+++ /src/main/java/org/apache/commons/math/stat/correlation/PearsonsCorrelation.java\n@@ -188,9 +188,11 @@\n         RealMatrix outMatrix = new BlockRealMatrix(nVars, nVars);\n-        for (int i = 0; i < nVars; i++) {\n-            for (int j = 0; j < i; j++) {\n-              double corr = correlation(matrix.getColumn(i), matrix.getColumn(j));\n-              outMatrix.setEntry(i, j, corr);\n-              outMatrix.setEntry(j, i, corr);\n+        if ((nVars) != (2)) {\n+            for (int i = 0; i < nVars; i++) {\n+                for (int j = 0; j < i; j++) {\n+                    double corr = correlation(matrix.getColumn(i), matrix.getColumn(j));\n+                    outMatrix.setEntry(i, j, corr);\n+                    outMatrix.setEntry(j, i, corr);\n+                }\n+                outMatrix.setEntry(i, i, 1d);\n             }\n-            outMatrix.setEntry(i, i, 1d);\n         }\n\n"
        },
        "patch1-Math-4-Nopol-plausible": {
            "id": "patch1-Math-4-Nopol-plausible",
            "ground_truth": "Incorrect",
            "patch": "--- /src/main/java/org/apache/commons/math3/geometry/euclidean/twod/Line.java\n+++ /src/main/java/org/apache/commons/math3/geometry/euclidean/twod/Line.java\n@@ -199,3 +199,5 @@\n         if (FastMath.abs(d) < 1.0e-10) {\n-            return null;\n+            if (((other.sin < 1) && (other.sin < 1)) || ((org.apache.commons.math3.geometry.euclidean.twod.Line.this.originOffset) != (d))) {\n+                return null;\n+            }\n         }\n\n"
        },
        "patch3-Lang-55-Jaid-plausible": {
            "id": "patch3-Lang-55-Jaid-plausible",
            "ground_truth": "Incorrect",
            "patch": "--- /src/java/org/apache/commons/lang/time/StopWatch.java\t\n+++ /src/java/org/apache/commons/lang/time/StopWatch.java\n@@ -112,6 +112,9 @@\n      * @throws IllegalStateException if the StopWatch is not running.\n      */\n     public void stop() {\n+    \tif((this.runningState > 0) == true){\n+    \t\treturn;\n+    \t\t}\n         if(this.runningState != STATE_RUNNING && this.runningState != STATE_SUSPENDED) {\n             throw new IllegalStateException(\"Stopwatch is not running. \");\n         }\n"
        },
        "patch1-Chart-26-Jaid": {
            "id": "patch1-Chart-26-Jaid",
            "ground_truth": "Correct",
            "patch": "--- /source/org/jfree/chart/axis/Axis.java\n+++ /source/org/jfree/chart/axis/Axis.java\n@@ -1187,7 +1187,7 @@\n                     + insets.getRight());\n \n         }\n-        if (plotState != null && hotspot != null) {\n+        if (plotState != null && hotspot != null && (null == plotState.getOwner()) != true) {\n             ChartRenderingInfo owner = plotState.getOwner();\n                 EntityCollection entities = owner.getEntityCollection();\n                 if (entities != null) {\n "
        },
        "defects4j-developer-Lang-patches-4": {
            "id": "defects4j-developer-Lang-patches-4",
            "ground_truth": "Correct",
            "patch": "diff --git a/src/main/java/org/apache/commons/lang3/text/translate/LookupTranslator.java b/src/main/java/org/apache/commons/lang3/text/translate/LookupTranslator.java\nindex 9cf45f8..8ed51bc 100644\n--- a/src/main/java/org/apache/commons/lang3/text/translate/LookupTranslator.java\n+++ b/src/main/java/org/apache/commons/lang3/text/translate/LookupTranslator.java\n@@ -28,7 +28,7 @@ import java.util.HashMap;\n  */\n public class LookupTranslator extends CharSequenceTranslator {\n \n-    private final HashMap<String, CharSequence> lookupMap;\n+    private final HashMap<CharSequence, CharSequence> lookupMap;\n     private final int shortest;\n     private final int longest;\n \n@@ -43,12 +43,12 @@ public class LookupTranslator extends CharSequenceTranslator {\n      * @param lookup CharSequence[][] table of size [*][2]\n      */\n     public LookupTranslator(final CharSequence[]... lookup) {\n-        lookupMap = new HashMap<String, CharSequence>();\n+        lookupMap = new HashMap<CharSequence, CharSequence>();\n         int _shortest = Integer.MAX_VALUE;\n         int _longest = 0;\n         if (lookup != null) {\n             for (final CharSequence[] seq : lookup) {\n-                this.lookupMap.put(seq[0].toString(), seq[1]);\n+                this.lookupMap.put(seq[0], seq[1]);\n                 final int sz = seq[0].length();\n                 if (sz < _shortest) {\n                     _shortest = sz;\n@@ -74,7 +74,7 @@ public class LookupTranslator extends CharSequenceTranslator {\n         // descend so as to get a greedy algorithm\n         for (int i = max; i >= shortest; i--) {\n             final CharSequence subSeq = input.subSequence(index, index + i);\n-            final CharSequence result = lookupMap.get(subSeq.toString());\n+            final CharSequence result = lookupMap.get(subSeq);\n             if (result != null) {\n                 out.write(result.toString());\n                 return i;\n"
        },
        "patch2-Math-80-CapGen-plausible": {
            "id": "patch2-Math-80-CapGen-plausible",
            "ground_truth": "Incorrect",
            "patch": "--- /src/main/java/org/apache/commons/math/linear/EigenDecompositionImpl.java\n+++ /src/main/java/org/apache/commons/math/linear/EigenDecompositionImpl.java\n@@ -1132,7 +1132,7 @@ public class EigenDecompositionImpl implements EigenDecomposition {\n     private boolean flipIfWarranted(final int n, final int step) {\n         if (1.5 * work[pingPong] < work[4 * (n - 1) + pingPong]) {\n             // flip array\n-            int j = 4 * n - 1;\n+            int j = 4 * pingPong - 1;\n             for (int i = 0; i < j; i += 4) {\n                 for (int k = 0; k < 4; k += step) {\n                     final double tmp = work[i + k];\n"
        },
        "defects4j-developer-Lang-patches-63": {
            "id": "defects4j-developer-Lang-patches-63",
            "ground_truth": "Correct",
            "patch": "diff --git a/src/java/org/apache/commons/lang/time/DurationFormatUtils.java b/src/java/org/apache/commons/lang/time/DurationFormatUtils.java\nindex 3a9d9f6..127b927 100644\n--- a/src/java/org/apache/commons/lang/time/DurationFormatUtils.java\n+++ b/src/java/org/apache/commons/lang/time/DurationFormatUtils.java\n@@ -303,20 +303,25 @@ public class DurationFormatUtils {\n             days -= 1;\n         }\n         while (days < 0) {\n-            end.add(Calendar.MONTH, -1);\n-            days += end.getActualMaximum(Calendar.DAY_OF_MONTH);\n+            days += 31;\n //days += 31; // TODO: Need tests to show this is bad and the new code is good.\n // HEN: It's a tricky subject. Jan 15th to March 10th. If I count days-first it is \n // 1 month and 26 days, but if I count month-first then it is 1 month and 23 days.\n // Also it's contextual - if asked for no M in the format then I should probably \n // be doing no calculating here.\n             months -= 1;\n-            end.add(Calendar.MONTH, 1);\n         }\n         while (months < 0) {\n             months += 12;\n             years -= 1;\n         }\n+        milliseconds -= reduceAndCorrect(start, end, Calendar.MILLISECOND, milliseconds);\n+        seconds -= reduceAndCorrect(start, end, Calendar.SECOND, seconds);\n+        minutes -= reduceAndCorrect(start, end, Calendar.MINUTE, minutes);\n+        hours -= reduceAndCorrect(start, end, Calendar.HOUR_OF_DAY, hours);\n+        days -= reduceAndCorrect(start, end, Calendar.DAY_OF_MONTH, days);\n+        months -= reduceAndCorrect(start, end, Calendar.MONTH, months);\n+        years -= reduceAndCorrect(start, end, Calendar.YEAR, years);\n \n         // This next block of code adds in values that \n         // aren't requested. This allows the user to ask for the \n@@ -424,6 +429,18 @@ public class DurationFormatUtils {\n         }\n         return buffer.toString();\n     }\n+    static int reduceAndCorrect(Calendar start, Calendar end, int field, int difference) {\n+        end.add( field, -1 * difference );\n+        int endValue = end.get(field);\n+        int startValue = start.get(field);\n+        if (endValue < startValue) {\n+            int newdiff = startValue - endValue;\n+            end.add( field, newdiff );\n+            return newdiff;\n+        } else {\n+            return 0;\n+        }\n+    }\n \n     static final Object y = \"y\";\n     static final Object M = \"M\";\n"
        },
        "patch1-Lang-39-AVATAR-plausible": {
            "id": "patch1-Lang-39-AVATAR-plausible",
            "ground_truth": "Incorrect",
            "patch": "--- /src/java/org/apache/commons/lang3/StringUtils.java\n+++ /src/java/org/apache/commons/lang3/StringUtils.java\n@@ -3673,7 +3673,7 @@\n \n         // count the replacement text elements that are larger than their corresponding text being replaced\n         for (int i = 0; i < searchList.length; i++) {\n-            int greater = replacementList[i].length() - searchList[i].length();\n+            int greater = searchList[i].length() - searchList[i].length();\n             if (greater > 0) {\n                 increase += 3 * greater; // assume 3 matches\n             }\n\n"
        },
        "patch1-Chart-9-Jaid-plausible": {
            "id": "patch1-Chart-9-Jaid-plausible",
            "ground_truth": "Incorrect",
            "patch": "--- /source/org/jfree/data/time/TimeSeries.java\t\n+++ /source/org/jfree/data/time/TimeSeries.java\n@@ -941,6 +941,10 @@\n             endIndex = -(endIndex + 1); // this is first item AFTER end period\n             endIndex = endIndex - 1;    // so this is last item BEFORE end\n         }\n+        if((startIndex == 1) == true){\n+        \treturn this;\n+\n+        \t}\n         if (endIndex < 0) {\n             emptyRange = true;\n         }\n"
        },
        "patch1-Lang-57-AVATAR": {
            "id": "patch1-Lang-57-AVATAR",
            "ground_truth": "Correct",
            "patch": "--- /src/java/org/apache/commons/lang/LocaleUtils.java\n+++ /src/java/org/apache/commons/lang/LocaleUtils.java\n@@ -220,7 +220,7 @@\n      * @return true if the locale is a known locale\n      */\n     public static boolean isAvailableLocale(Locale locale) {\n-        return cAvailableLocaleSet.contains(locale);\n+        return cAvailableLocaleList.contains(locale);\n     }\n \n     //-----------------------------------------------------------------------\n\n"
        },
        "defects4j-developer-Lang-patches-38": {
            "id": "defects4j-developer-Lang-patches-38",
            "ground_truth": "Correct",
            "patch": "diff --git a/src/java/org/apache/commons/lang3/time/FastDateFormat.java b/src/java/org/apache/commons/lang3/time/FastDateFormat.java\nindex d60af96..6b10a94 100644\n--- a/src/java/org/apache/commons/lang3/time/FastDateFormat.java\n+++ b/src/java/org/apache/commons/lang3/time/FastDateFormat.java\n@@ -869,7 +869,6 @@ public class FastDateFormat extends Format {\n      */\n     public StringBuffer format(Calendar calendar, StringBuffer buf) {\n         if (mTimeZoneForced) {\n-            calendar.getTime(); /// LANG-538\n             calendar = (Calendar) calendar.clone();\n             calendar.setTimeZone(mTimeZone);\n         }\n"
        },
        "patch1-Lang-51-Jaid-plausible": {
            "id": "patch1-Lang-51-Jaid-plausible",
            "ground_truth": "Incorrect",
            "patch": "--- /src/java/org/apache/commons/lang/BooleanUtils.java\n+++ /src/java/org/apache/commons/lang/BooleanUtils.java\n@@ -674,6 +674,9 @@\n                         (str.charAt(1) == 'e' || str.charAt(1) == 'E') &&\n                         (str.charAt(2) == 's' || str.charAt(2) == 'S');\n                 }\n+                if(((ch == 'Y') == (str == null)) == true){\n+                \treturn ch == 'T';\n+                \t}\n                 if (ch == 'Y') {\n                     return \n                         (str.charAt(1) == 'E' || str.charAt(1) == 'e') &&\n"
        },
        "defects4j-developer-Lang-patches-59": {
            "id": "defects4j-developer-Lang-patches-59",
            "ground_truth": "Correct",
            "patch": "diff --git a/src/java/org/apache/commons/lang/text/StrBuilder.java b/src/java/org/apache/commons/lang/text/StrBuilder.java\nindex 4c14509..886d424 100644\n--- a/src/java/org/apache/commons/lang/text/StrBuilder.java\n+++ b/src/java/org/apache/commons/lang/text/StrBuilder.java\n@@ -881,7 +881,7 @@ public class StrBuilder implements Cloneable {\n             String str = (obj == null ? getNullText() : obj.toString());\n             int strLen = str.length();\n             if (strLen >= width) {\n-                str.getChars(0, width, buffer, size);\n+                str.getChars(0, strLen, buffer, size);\n             } else {\n                 int padLen = width - strLen;\n                 str.getChars(0, strLen, buffer, size);\n"
        },
        "patch1-Lang-61-SimFix-plausible": {
            "id": "patch1-Lang-61-SimFix-plausible",
            "ground_truth": "Incorrect",
            "patch": "--- /src/java/org/apache/commons/lang/text/StrBuilder.java \n+++ /src/java/org/apache/commons/lang/text/StrBuilder.java \n@@ -1775,7 +1775,7 @@\n         char[] thisBuf = buffer;\n         int len = thisBuf.length - strLen;\n         outer:\n-        for (int i = startIndex; i < len; i++) {\n+        for(int i=startIndex;i<size;i++){\n             for (int j = 0; j < strLen; j++) {\n                 if (str.charAt(j) != thisBuf[i + j]) {\n                     continue outer;\n\n"
        },
        "patch1-Chart-13-RSRepair-plausible": {
            "id": "patch1-Chart-13-RSRepair-plausible",
            "ground_truth": "Incorrect",
            "patch": "--- /source/org/jfree/chart/block/BorderArrangement.java\n+++ /source/org/jfree/chart/block/BorderArrangement.java\n@@ -304,7 +304,6 @@\n                     LengthConstraintType.RANGE, 0.0, null,\n                     LengthConstraintType.NONE);\n             Size2D size = this.rightBlock.arrange(g2, c3);\n-            w[3] = size.width;\n             h[3] = size.height;\n         }\n\n\n--- /source/org/jfree/data/Range.java\n+++ /source/org/jfree/data/Range.java\n@@ -84,7 +84,7 @@\n         if (lower > upper) {\n             String msg = \"Range(double, double): require lower (\" + lower \n                 + \") <= upper (\" + upper + \").\";\n-            throw new IllegalArgumentException(msg);\n+            Comparable result = null;\n         }\n         this.lower = lower;\n         this.upper = upper;\n\n"
        },
        "defects4j-developer-Math-patches-48": {
            "id": "defects4j-developer-Math-patches-48",
            "ground_truth": "Correct",
            "patch": "diff --git a/src/main/java/org/apache/commons/math/analysis/solvers/BaseSecantSolver.java b/src/main/java/org/apache/commons/math/analysis/solvers/BaseSecantSolver.java\nindex 0347525..8a667da 100644\n--- a/src/main/java/org/apache/commons/math/analysis/solvers/BaseSecantSolver.java\n+++ b/src/main/java/org/apache/commons/math/analysis/solvers/BaseSecantSolver.java\n@@ -186,9 +186,6 @@ public abstract class BaseSecantSolver\n                 case REGULA_FALSI:\n                     // Detect early that algorithm is stuck, instead of waiting\n                     // for the maximum number of iterations to be exceeded.\n-                    if (x == x1) {\n-                        throw new ConvergenceException();\n-                    }\n                     break;\n                 default:\n                     // Should never happen.\n"
        },
        "patch1-Math-50-Kali": {
            "id": "patch1-Math-50-Kali",
            "ground_truth": "Correct",
            "patch": "--- /src/main/java/org/apache/commons/math/analysis/solvers/BaseSecantSolver.java\n+++ /src/main/java/org/apache/commons/math/analysis/solvers/BaseSecantSolver.java\n@@ -184,7 +184,7 @@\n                     break;\n                 case REGULA_FALSI:\n                     // Nothing.\n-                    if (x == x1) {\n+                    if (false) {\n                         x0 = 0.5 * (x0 + x1 - FastMath.max(rtol * FastMath.abs(x1), atol));                         f0 = computeObjectiveValue(x0);\n                     }\n\n"
        },
        "patch1-Lang-43-SimFix": {
            "id": "patch1-Lang-43-SimFix",
            "ground_truth": "Correct",
            "patch": "--- /src/java/org/apache/commons/lang/text/ExtendedMessageFormat.java\n+++ /src/java/org/apache/commons/lang/text/ExtendedMessageFormat.java\n@@ -419,6 +419,7 @@\n         int start = pos.getIndex();\n         char[] c = pattern.toCharArray();\n         if (escapingOn && c[start] == QUOTE) {\n+            next(pos);\n             return appendTo == null ? null : appendTo.append(QUOTE);\n         }\n         int lastHold = start;\n\n"
        },
        "patch5-Math-85-SequenceR": {
            "id": "patch5-Math-85-SequenceR",
            "ground_truth": "Incorrect",
            "patch": "--- /src/java/org/apache/commons/math/analysis/solvers/UnivariateRealSolverUtils.java\t\n+++ /src/java/org/apache/commons/math/analysis/solvers/UnivariateRealSolverUtils.java\n@@ -195,7 +195,7 @@\n         } while ((fa * fb > 0.0) && (numIterations < maximumIterations) && \n                 ((a > lowerBound) || (b < upperBound)));\n    \n-        if (fa * fb >= 0.0 ) {\n+        if((fa*maximumIterations)> 0.0){\n             throw new ConvergenceException(\n                       \"number of iterations={0}, maximum iterations={1}, \" +\n                       \"initial={2}, lower bound={3}, upper bound={4}, final a value={5}, \" +\n"
        },
        "defects4j-developer-Math-patches-102": {
            "id": "defects4j-developer-Math-patches-102",
            "ground_truth": "Correct",
            "patch": "diff --git a/src/java/org/apache/commons/math/stat/inference/ChiSquareTestImpl.java b/src/java/org/apache/commons/math/stat/inference/ChiSquareTestImpl.java\nindex 984d56d..c87b010 100644\n--- a/src/java/org/apache/commons/math/stat/inference/ChiSquareTestImpl.java\n+++ b/src/java/org/apache/commons/math/stat/inference/ChiSquareTestImpl.java\n@@ -71,28 +71,11 @@ public class ChiSquareTestImpl implements UnknownDistributionChiSquareTest {\n             throw new IllegalArgumentException(\n                 \"observed counts must be non-negative and expected counts must be postive\");\n         }\n-        double sumExpected = 0d;\n-        double sumObserved = 0d;\n-        for (int i = 0; i < observed.length; i++) {\n-            sumExpected += expected[i];\n-            sumObserved += observed[i];\n-        }\n-        double ratio = 1.0d;\n-        boolean rescale = false;\n-        if (Math.abs(sumExpected - sumObserved) > 10E-6) {\n-            ratio = sumObserved / sumExpected;\n-            rescale = true;\n-        }\n         double sumSq = 0.0d;\n         double dev = 0.0d;\n         for (int i = 0; i < observed.length; i++) {\n-            if (rescale) {\n-                dev = ((double) observed[i] - ratio * expected[i]);\n-                sumSq += dev * dev / (ratio * expected[i]);\n-            } else {\n                 dev = ((double) observed[i] - expected[i]);\n                 sumSq += dev * dev / expected[i];\n-            }\n         }\n         return sumSq;\n     }\n"
        },
        "patch1-Math-72-SimFix": {
            "id": "patch1-Math-72-SimFix",
            "ground_truth": "Correct",
            "patch": "--- /src/main/java/org/apache/commons/math/analysis/solvers/BrentSolver.java\n+++ /src/main/java/org/apache/commons/math/analysis/solvers/BrentSolver.java\n@@ -111,10 +111,18 @@\n \n         // return the first endpoint if it is good enough\n         double yMin = f.value(min);\n+        // start of generated patch\n+        if(Math.abs(yMin)<=functionValueAccuracy){\n+          setResult(min,0);\n+          return result;\n+        }\n+        // end of generated patch\n+        /* start of original code\n         if (Math.abs(yMin) <= functionValueAccuracy) {\n             setResult(yMin, 0);\n             return result;\n         }\n+        end of original code*/\n \n         // reduce interval if min and initial bracket the root\n         if (yInitial * yMin < 0) {\n\n"
        },
        "patch1-Chart-1-GenProg-plausible": {
            "id": "patch1-Chart-1-GenProg-plausible",
            "ground_truth": "Incorrect",
            "patch": "--- /source/org/jfree/chart/plot/CategoryPlot.java\n+++ /source/org/jfree/chart/plot/CategoryPlot.java\n@@ -1042,7 +1042,8 @@\n             result = (ValueAxis) this.rangeAxes.get(index);\n         }\n         if (result == null) {\n-            Plot parent = getParent();\n+            CategoryAxis xAxis = (CategoryAxis) this.domainAxes.get(index);\n+\t\t\tPlot parent = getParent();\n             if (parent instanceof CategoryPlot) {\n                 CategoryPlot cp = (CategoryPlot) parent;\n                 result = cp.getRangeAxis(index);\n@@ -1349,7 +1350,8 @@\n      */\n     public void setDataset(int index, CategoryDataset dataset) {\n \n-        CategoryDataset existing = (CategoryDataset) this.datasets.get(index);\n+        Object result = null;\n+        CategoryDataset existing = (CategoryDataset) this.datasets.get(index);\n         if (existing != null) {\n             existing.removeChangeListener(this);\n         }\n\n\n--- /source/org/jfree/chart/renderer/category/AbstractCategoryItemRenderer.java\n+++ /source/org/jfree/chart/renderer/category/AbstractCategoryItemRenderer.java\n@@ -1795,7 +1795,7 @@\n         int index = this.plot.getIndexOf(this);\n         CategoryDataset dataset = this.plot.getDataset(index);\n         if (dataset != null) {\n-            return result;\n+            Paint outlinePaint = plot.getOutlinePaint();\n         }\n         int seriesCount = dataset.getRowCount();\n         if (plot.getRowRenderingOrder().equals(SortOrder.ASCENDING)) {\n\n"
        },
        "patch1-Chart-26-Jaid-plausible": {
            "id": "patch1-Chart-26-Jaid-plausible",
            "ground_truth": "Incorrect",
            "patch": "--- /source/org/jfree/chart/axis/Axis.java\n+++ /source/org/jfree/chart/axis/Axis.java\n@@ -1187,6 +1187,7 @@\n                     + insets.getRight());\n \n         }\n+        hotspot=null;\n         if (plotState != null && hotspot != null) {\n             ChartRenderingInfo owner = plotState.getOwner();\n                 EntityCollection entities = owner.getEntityCollection();\n"
        },
        "defects4j-developer-Math-patches-21": {
            "id": "defects4j-developer-Math-patches-21",
            "ground_truth": "Correct",
            "patch": "diff --git a/src/main/java/org/apache/commons/math3/linear/RectangularCholeskyDecomposition.java b/src/main/java/org/apache/commons/math3/linear/RectangularCholeskyDecomposition.java\nindex aba7b98..04488e5 100644\n--- a/src/main/java/org/apache/commons/math3/linear/RectangularCholeskyDecomposition.java\n+++ b/src/main/java/org/apache/commons/math3/linear/RectangularCholeskyDecomposition.java\n@@ -66,6 +66,7 @@ public class RectangularCholeskyDecomposition {\n         final double[][] c = matrix.getData();\n         final double[][] b = new double[order][order];\n \n+        int[] swap  = new int[order];\n         int[] index = new int[order];\n         for (int i = 0; i < order; ++i) {\n             index[i] = i;\n@@ -75,24 +76,21 @@ public class RectangularCholeskyDecomposition {\n         for (boolean loop = true; loop;) {\n \n             // find maximal diagonal element\n-            int swapR = r;\n+            swap[r] = r;\n             for (int i = r + 1; i < order; ++i) {\n                 int ii  = index[i];\n-                int isr = index[swapR];\n-                if (c[ii][ii] > c[isr][isr]) {\n-                    swapR = i;\n+                int isi = index[swap[i]];\n+                if (c[ii][ii] > c[isi][isi]) {\n+                    swap[r] = i;\n                 }\n             }\n \n \n             // swap elements\n-            if (swapR != r) {\n-                final int tmpIndex    = index[r];\n-                index[r]              = index[swapR];\n-                index[swapR]          = tmpIndex;\n-                final double[] tmpRow = b[r];\n-                b[r]                  = b[swapR];\n-                b[swapR]              = tmpRow;\n+            if (swap[r] != r) {\n+                int tmp = index[r];\n+                index[r] = index[swap[r]];\n+                index[swap[r]] = tmp;\n             }\n \n             // check diagonal element\n@@ -123,12 +121,11 @@ public class RectangularCholeskyDecomposition {\n                 final double sqrt = FastMath.sqrt(c[ir][ir]);\n                 b[r][r] = sqrt;\n                 final double inverse  = 1 / sqrt;\n-                final double inverse2 = 1 / c[ir][ir];\n                 for (int i = r + 1; i < order; ++i) {\n                     final int ii = index[i];\n                     final double e = inverse * c[ii][ir];\n                     b[i][r] = e;\n-                    c[ii][ii] -= c[ii][ir] * c[ii][ir] * inverse2;\n+                    c[ii][ii] -= e * e;\n                     for (int j = r + 1; j < i; ++j) {\n                         final int ij = index[j];\n                         final double f = c[ii][ij] - e * b[j][r];\n"
        },
        "patch1-Lang-55-Jaid-plausible": {
            "id": "patch1-Lang-55-Jaid-plausible",
            "ground_truth": "Incorrect",
            "patch": "--- /src/java/org/apache/commons/lang/time/StopWatch.java\t\n+++ /src/java/org/apache/commons/lang/time/StopWatch.java\n@@ -115,6 +115,9 @@\n         if(this.runningState != STATE_RUNNING && this.runningState != STATE_SUSPENDED) {\n             throw new IllegalStateException(\"Stopwatch is not running. \");\n         }\n+        if((this.runningState == 1) == false){\n+        \treturn;\n+        \t}\n             stopTime = System.currentTimeMillis();\n         this.runningState = STATE_STOPPED;\n     }\n"
        },
        "defects4j-developer-Lang-patches-35": {
            "id": "defects4j-developer-Lang-patches-35",
            "ground_truth": "Correct",
            "patch": "diff --git a/src/main/java/org/apache/commons/lang3/ArrayUtils.java b/src/main/java/org/apache/commons/lang3/ArrayUtils.java\nindex 3a543ce..ac22f8f 100644\n--- a/src/main/java/org/apache/commons/lang3/ArrayUtils.java\n+++ b/src/main/java/org/apache/commons/lang3/ArrayUtils.java\n@@ -3292,7 +3292,7 @@ public class ArrayUtils {\n         } else if (element != null) {\n             type = element.getClass();\n         } else {\n-            throw new IllegalArgumentException(\"Arguments cannot both be null\");            \n+            type = Object.class;\n         }\n         @SuppressWarnings(\"unchecked\") // type must be T\n         T[] newArray = (T[]) copyArrayGrow1(array, type);\n@@ -3571,7 +3571,7 @@ public class ArrayUtils {\n         } else if (element != null) {\n             clss = element.getClass();\n         } else {\n-            throw new IllegalArgumentException(\"Array and element cannot both be null\");            \n+            return (T[]) new Object[] { null };\n         }\n         @SuppressWarnings(\"unchecked\") // the add method creates an array of type clss, which is type T\n         final T[] newArray = (T[]) add(array, index, element, clss);\n"
        },
        "defects4j-developer-Lang-patches-37": {
            "id": "defects4j-developer-Lang-patches-37",
            "ground_truth": "Correct",
            "patch": "diff --git a/src/java/org/apache/commons/lang3/ArrayUtils.java b/src/java/org/apache/commons/lang3/ArrayUtils.java\nindex b9413e8..889497e 100644\n--- a/src/java/org/apache/commons/lang3/ArrayUtils.java\n+++ b/src/java/org/apache/commons/lang3/ArrayUtils.java\n@@ -2959,16 +2959,8 @@ public class ArrayUtils {\n         final Class<?> type1 = array1.getClass().getComponentType();\n         T[] joinedArray = (T[]) Array.newInstance(type1, array1.length + array2.length);\n         System.arraycopy(array1, 0, joinedArray, 0, array1.length);\n-        try {\n             System.arraycopy(array2, 0, joinedArray, array1.length, array2.length);\n-        } catch (ArrayStoreException ase) {\n             // Check if problem is incompatible types\n-            final Class<?> type2 = array2.getClass().getComponentType();\n-            if (!type1.isAssignableFrom(type2)){\n-                throw new IllegalArgumentException(\"Cannot store \"+type2.getName()+\" in an array of \"+type1.getName());\n-            }\n-            throw ase; // No, so rethrow original\n-        }\n         return joinedArray;\n     }\n \n"
        },
        "patch1-Chart-7-jMutRepair-plausible": {
            "id": "patch1-Chart-7-jMutRepair-plausible",
            "ground_truth": "Incorrect",
            "patch": "--- /source/org/jfree/data/time/TimePeriodValues.java\n+++ /source/org/jfree/data/time/TimePeriodValues.java\n@@ -282,7 +282,7 @@\n             this.maxStartIndex = index;\n         }\n         \n-        if (this.minMiddleIndex >= 0) {\n+        if (this.minMiddleIndex == 0) {\n             long s = getDataItem(this.minMiddleIndex).getPeriod().getStart()\n                 .getTime();\n             long e = getDataItem(this.minMiddleIndex).getPeriod().getEnd()\n\n"
        },
        "patch2-Lang-33-Jaid": {
            "id": "patch2-Lang-33-Jaid",
            "ground_truth": "Correct",
            "patch": "--- /src/main/java/org/apache/commons/lang3/ClassUtils.java\n+++ /src/main/java/org/apache/commons/lang3/ClassUtils.java\n@@ -907,7 +907,12 @@\n         }\n         Class<?>[] classes = new Class[array.length];\n         for (int i = 0; i < array.length; i++) {\n-            classes[i] = array[i].getClass();\n+        \tif((array[i] == classes[i]) == true){\n+        \t\tclasses[i]=null;\n+\n+        \t\t}else{\n+        \t\tclasses[i]=array[i].getClass();\n+        \t\t}\n         }\n         return classes;\n     }\n"
        },
        "patch1-Math-20-FixMiner-plausible": {
            "id": "patch1-Math-20-FixMiner-plausible",
            "ground_truth": "Incorrect",
            "patch": "--- /src/main/java/org/apache/commons/math3/optimization/direct/CMAESOptimizer.java\n+++ /src/main/java/org/apache/commons/math3/optimization/direct/CMAESOptimizer.java\n@@ -237,7 +237,7 @@\n      * Default constructor, uses default parameters\n      */\n     public CMAESOptimizer() {\n-        this(0);\n+        \n     }\n \n     /**\n\n"
        },
        "defects4j-developer-Math-patches-52": {
            "id": "defects4j-developer-Math-patches-52",
            "ground_truth": "Correct",
            "patch": "diff --git a/src/main/java/org/apache/commons/math/geometry/euclidean/threed/Rotation.java b/src/main/java/org/apache/commons/math/geometry/euclidean/threed/Rotation.java\nindex ada0a8f..20f5b34 100644\n--- a/src/main/java/org/apache/commons/math/geometry/euclidean/threed/Rotation.java\n+++ b/src/main/java/org/apache/commons/math/geometry/euclidean/threed/Rotation.java\n@@ -341,8 +341,7 @@ public class Rotation implements Serializable {\n   Vector3D k     = v1Su1.crossProduct(v2Su2);\n   Vector3D u3    = u1.crossProduct(u2);\n   double c       = k.dotProduct(u3);\n-  final double inPlaneThreshold = 0.001;\n-  if (c <= inPlaneThreshold * k.getNorm() * u3.getNorm()) {\n+  if (c == 0) {\n     // the (q1, q2, q3) vector is close to the (u1, u2) plane\n     // we try other vectors\n     Vector3D v3 = Vector3D.crossProduct(v1, v2);\n@@ -351,13 +350,13 @@ public class Rotation implements Serializable {\n     Vector3D u2Prime = u1.crossProduct(u3);\n     c = k.dotProduct(u2Prime);\n \n-    if (c <= inPlaneThreshold * k.getNorm() * u2Prime.getNorm()) {\n+    if (c == 0) {\n       // the (q1, q2, q3) vector is also close to the (u1, u3) plane,\n       // it is almost aligned with u1: we try (u2, u3) and (v2, v3)\n       k = v2Su2.crossProduct(v3Su3);;\n       c = k.dotProduct(u2.crossProduct(u3));;\n \n-      if (c <= 0) {\n+      if (c == 0) {\n         // the (q1, q2, q3) vector is aligned with everything\n         // this is really the identity rotation\n         q0 = 1.0;\n"
        },
        "patch1-Lang-27-jGenProg-plausible": {
            "id": "patch1-Lang-27-jGenProg-plausible",
            "ground_truth": "Incorrect",
            "patch": "--- /src/main/java/org/apache/commons/lang3/math/NumberUtils.java\n+++ /src/main/java/org/apache/commons/lang3/math/NumberUtils.java\n@@ -486,9 +486,7 @@\n             mant = str.substring(0, decPos);\n         } else {\n             if (expPos > -1) {\n-                mant = str.substring(0, expPos);\n-            } else {\n-                mant = str;\n+                mant = str;}else {                 mant = str;\n             }\n             dec = null;\n         }\n\n"
        },
        "patch3-Math-80-CapGen-plausible": {
            "id": "patch3-Math-80-CapGen-plausible",
            "ground_truth": "Incorrect",
            "patch": "--- /src/main/java/org/apache/commons/math/linear/EigenDecompositionImpl.java\n+++ /src/main/java/org/apache/commons/math/linear/EigenDecompositionImpl.java\n@@ -1133,7 +1133,7 @@ public class EigenDecompositionImpl implements EigenDecomposition {\n         if (1.5 * work[pingPong] < work[4 * (n - 1) + pingPong]) {\n             // flip array\n             int j = 4 * n - 1;\n-            for (int i = 0; i < j; i += 4) {\n+            for (int i = 0; i < 2 * (pingPong); i += 4) {\n                 for (int k = 0; k < 4; k += step) {\n                     final double tmp = work[i + k];\n                     work[i + k] = work[j - k];\n"
        }
    }
}